site_id,site_name,range,ip_count,utilization
eccec9b0-337d-4d7b-b638-56b5f69aeaf0,ELE,107.23.213.0/24,1,0.39%
eccec9b0-337d-4d7b-b638-56b5f69aeaf0,ELE,12.47.107.0/24,1,0.39%
eccec9b0-337d-4d7b-b638-56b5f69aeaf0,ELE,13.32.145.0/24,4,1.56%
eccec9b0-337d-4d7b-b638-56b5f69aeaf0,ELE,138.91.107.0/24,1,0.39%
eccec9b0-337d-4d7b-b638-56b5f69aeaf0,ELE,15.184.124.0/24,1,0.39%
eccec9b0-337d-4d7b-b638-56b5f69aeaf0,ELE,15.184.145.0/24,1,0.39%
eccec9b0-337d-4d7b-b638-56b5f69aeaf0,ELE,15.185.179.0/24,1,0.39%
eccec9b0-337d-4d7b-b638-56b5f69aeaf0,ELE,156.154.67.0/24,1,0.39%
eccec9b0-337d-4d7b-b638-56b5f69aeaf0,ELE,156.154.68.0/24,1,0.39%
eccec9b0-337d-4d7b-b638-56b5f69aeaf0,ELE,156.154.69.0/24,1,0.39%
eccec9b0-337d-4d7b-b638-56b5f69aeaf0,ELE,157.175.24.0/24,1,0.39%
eccec9b0-337d-4d7b-b638-56b5f69aeaf0,ELE,157.241.1.0/24,1,0.39%
eccec9b0-337d-4d7b-b638-56b5f69aeaf0,ELE,157.241.65.0/24,1,0.39%
eccec9b0-337d-4d7b-b638-56b5f69aeaf0,ELE,165.156.25.0/24,3,1.17%
eccec9b0-337d-4d7b-b638-56b5f69aeaf0,ELE,165.156.76.0/24,9,3.52%
eccec9b0-337d-4d7b-b638-56b5f69aeaf0,ELE,165.156.78.0/24,9,3.52%
eccec9b0-337d-4d7b-b638-56b5f69aeaf0,ELE,176.34.251.0/24,1,0.39%
eccec9b0-337d-4d7b-b638-56b5f69aeaf0,ELE,18.140.210.0/24,1,0.39%
eccec9b0-337d-4d7b-b638-56b5f69aeaf0,ELE,18.203.183.0/24,1,0.39%
eccec9b0-337d-4d7b-b638-56b5f69aeaf0,ELE,18.232.28.0/24,1,0.39%
eccec9b0-337d-4d7b-b638-56b5f69aeaf0,ELE,184.73.160.0/24,1,0.39%
eccec9b0-337d-4d7b-b638-56b5f69aeaf0,ELE,20.118.40.0/24,1,0.39%
eccec9b0-337d-4d7b-b638-56b5f69aeaf0,ELE,20.118.48.0/24,1,0.39%
eccec9b0-337d-4d7b-b638-56b5f69aeaf0,ELE,20.119.0.0/24,1,0.39%
eccec9b0-337d-4d7b-b638-56b5f69aeaf0,ELE,20.119.8.0/24,2,0.78%
eccec9b0-337d-4d7b-b638-56b5f69aeaf0,ELE,20.198.140.0/24,1,0.39%
eccec9b0-337d-4d7b-b638-56b5f69aeaf0,ELE,20.23.35.0/24,1,0.39%
eccec9b0-337d-4d7b-b638-56b5f69aeaf0,ELE,20.241.152.0/24,1,0.39%
eccec9b0-337d-4d7b-b638-56b5f69aeaf0,ELE,20.40.202.0/24,1,0.39%
eccec9b0-337d-4d7b-b638-56b5f69aeaf0,ELE,20.42.80.0/24,1,0.39%
eccec9b0-337d-4d7b-b638-56b5f69aeaf0,ELE,20.49.104.0/24,1,0.39%
eccec9b0-337d-4d7b-b638-56b5f69aeaf0,ELE,20.75.129.0/24,1,0.39%
eccec9b0-337d-4d7b-b638-56b5f69aeaf0,ELE,204.74.99.0/24,1,0.39%
eccec9b0-337d-4d7b-b638-56b5f69aeaf0,ELE,23.21.49.0/24,1,0.39%
eccec9b0-337d-4d7b-b638-56b5f69aeaf0,ELE,23.22.168.0/24,1,0.39%
eccec9b0-337d-4d7b-b638-56b5f69aeaf0,ELE,23.22.25.0/24,1,0.39%
eccec9b0-337d-4d7b-b638-56b5f69aeaf0,ELE,23.22.5.0/24,1,0.39%
eccec9b0-337d-4d7b-b638-56b5f69aeaf0,ELE,3.1.1.0/24,1,0.39%
eccec9b0-337d-4d7b-b638-56b5f69aeaf0,ELE,3.1.88.0/24,1,0.39%
eccec9b0-337d-4d7b-b638-56b5f69aeaf0,ELE,3.217.190.0/24,1,0.39%
eccec9b0-337d-4d7b-b638-56b5f69aeaf0,ELE,3.223.71.0/24,1,0.39%
eccec9b0-337d-4d7b-b638-56b5f69aeaf0,ELE,3.226.182.0/24,1,0.39%
eccec9b0-337d-4d7b-b638-56b5f69aeaf0,ELE,3.232.7.0/24,1,0.39%
eccec9b0-337d-4d7b-b638-56b5f69aeaf0,ELE,3.68.57.0/24,1,0.39%
eccec9b0-337d-4d7b-b638-56b5f69aeaf0,ELE,3.83.71.0/24,1,0.39%
eccec9b0-337d-4d7b-b638-56b5f69aeaf0,ELE,34.192.229.0/24,1,0.39%
eccec9b0-337d-4d7b-b638-56b5f69aeaf0,ELE,34.192.64.0/24,1,0.39%
eccec9b0-337d-4d7b-b638-56b5f69aeaf0,ELE,34.195.175.0/24,1,0.39%
eccec9b0-337d-4d7b-b638-56b5f69aeaf0,ELE,34.196.173.0/24,1,0.39%
eccec9b0-337d-4d7b-b638-56b5f69aeaf0,ELE,34.199.247.0/24,1,0.39%
eccec9b0-337d-4d7b-b638-56b5f69aeaf0,ELE,34.206.183.0/24,1,0.39%
eccec9b0-337d-4d7b-b638-56b5f69aeaf0,ELE,34.228.147.0/24,1,0.39%
eccec9b0-337d-4d7b-b638-56b5f69aeaf0,ELE,34.230.208.0/24,1,0.39%
eccec9b0-337d-4d7b-b638-56b5f69aeaf0,ELE,34.236.42.0/24,1,0.39%
eccec9b0-337d-4d7b-b638-56b5f69aeaf0,ELE,34.248.51.0/24,1,0.39%
eccec9b0-337d-4d7b-b638-56b5f69aeaf0,ELE,34.249.72.0/24,1,0.39%
eccec9b0-337d-4d7b-b638-56b5f69aeaf0,ELE,34.250.165.0/24,1,0.39%
eccec9b0-337d-4d7b-b638-56b5f69aeaf0,ELE,34.253.73.0/24,1,0.39%
eccec9b0-337d-4d7b-b638-56b5f69aeaf0,ELE,35.156.110.0/24,1,0.39%
eccec9b0-337d-4d7b-b638-56b5f69aeaf0,ELE,35.170.135.0/24,1,0.39%
eccec9b0-337d-4d7b-b638-56b5f69aeaf0,ELE,40.117.169.0/24,1,0.39%
eccec9b0-337d-4d7b-b638-56b5f69aeaf0,ELE,40.71.11.0/24,1,0.39%
eccec9b0-337d-4d7b-b638-56b5f69aeaf0,ELE,40.76.130.0/24,1,0.39%
eccec9b0-337d-4d7b-b638-56b5f69aeaf0,ELE,40.88.54.0/24,1,0.39%
eccec9b0-337d-4d7b-b638-56b5f69aeaf0,ELE,50.16.250.0/24,1,0.39%
eccec9b0-337d-4d7b-b638-56b5f69aeaf0,ELE,52.0.55.0/24,1,0.39%
eccec9b0-337d-4d7b-b638-56b5f69aeaf0,ELE,52.1.75.0/24,1,0.39%
eccec9b0-337d-4d7b-b638-56b5f69aeaf0,ELE,52.104.102.0/24,1,0.39%
eccec9b0-337d-4d7b-b638-56b5f69aeaf0,ELE,52.142.36.0/24,1,0.39%
eccec9b0-337d-4d7b-b638-56b5f69aeaf0,ELE,52.16.201.0/24,1,0.39%
eccec9b0-337d-4d7b-b638-56b5f69aeaf0,ELE,52.18.177.0/24,1,0.39%
eccec9b0-337d-4d7b-b638-56b5f69aeaf0,ELE,52.19.119.0/24,1,0.39%
eccec9b0-337d-4d7b-b638-56b5f69aeaf0,ELE,52.191.221.0/24,1,0.39%
eccec9b0-337d-4d7b-b638-56b5f69aeaf0,ELE,52.191.231.0/24,1,0.39%
eccec9b0-337d-4d7b-b638-56b5f69aeaf0,ELE,52.20.168.0/24,1,0.39%
eccec9b0-337d-4d7b-b638-56b5f69aeaf0,ELE,52.20.170.0/24,1,0.39%
eccec9b0-337d-4d7b-b638-56b5f69aeaf0,ELE,52.20.41.0/24,1,0.39%
eccec9b0-337d-4d7b-b638-56b5f69aeaf0,ELE,52.203.246.0/24,1,0.39%
eccec9b0-337d-4d7b-b638-56b5f69aeaf0,ELE,52.203.5.0/24,1,0.39%
eccec9b0-337d-4d7b-b638-56b5f69aeaf0,ELE,52.205.229.0/24,1,0.39%
eccec9b0-337d-4d7b-b638-56b5f69aeaf0,ELE,52.206.77.0/24,1,0.39%
eccec9b0-337d-4d7b-b638-56b5f69aeaf0,ELE,52.21.227.0/24,1,0.39%
eccec9b0-337d-4d7b-b638-56b5f69aeaf0,ELE,52.212.24.0/24,1,0.39%
eccec9b0-337d-4d7b-b638-56b5f69aeaf0,ELE,52.3.57.0/24,1,0.39%
eccec9b0-337d-4d7b-b638-56b5f69aeaf0,ELE,52.44.51.0/24,1,0.39%
eccec9b0-337d-4d7b-b638-56b5f69aeaf0,ELE,52.71.154.0/24,1,0.39%
eccec9b0-337d-4d7b-b638-56b5f69aeaf0,ELE,52.84.174.0/24,4,1.56%
eccec9b0-337d-4d7b-b638-56b5f69aeaf0,ELE,52.87.40.0/24,1,0.39%
eccec9b0-337d-4d7b-b638-56b5f69aeaf0,ELE,54.148.32.0/24,1,0.39%
eccec9b0-337d-4d7b-b638-56b5f69aeaf0,ELE,54.164.5.0/24,1,0.39%
eccec9b0-337d-4d7b-b638-56b5f69aeaf0,ELE,54.173.84.0/24,1,0.39%
eccec9b0-337d-4d7b-b638-56b5f69aeaf0,ELE,54.195.253.0/24,1,0.39%
eccec9b0-337d-4d7b-b638-56b5f69aeaf0,ELE,54.208.70.0/24,1,0.39%
eccec9b0-337d-4d7b-b638-56b5f69aeaf0,ELE,54.216.127.0/24,1,0.39%
eccec9b0-337d-4d7b-b638-56b5f69aeaf0,ELE,54.229.66.0/24,1,0.39%
eccec9b0-337d-4d7b-b638-56b5f69aeaf0,ELE,54.237.159.0/24,1,0.39%
eccec9b0-337d-4d7b-b638-56b5f69aeaf0,ELE,54.76.121.0/24,1,0.39%
eccec9b0-337d-4d7b-b638-56b5f69aeaf0,ELE,54.76.16.0/24,1,0.39%
eccec9b0-337d-4d7b-b638-56b5f69aeaf0,ELE,54.82.13.0/24,1,0.39%
eccec9b0-337d-4d7b-b638-56b5f69aeaf0,ELE,54.84.57.0/24,1,0.39%
eccec9b0-337d-4d7b-b638-56b5f69aeaf0,ELE,54.87.114.0/24,1,0.39%
eccec9b0-337d-4d7b-b638-56b5f69aeaf0,ELE,54.88.114.0/24,1,0.39%
eccec9b0-337d-4d7b-b638-56b5f69aeaf0,ELE,54.89.193.0/24,1,0.39%
eccec9b0-337d-4d7b-b638-56b5f69aeaf0,ELE,63.140.38.0/24,18,7.03%
eccec9b0-337d-4d7b-b638-56b5f69aeaf0,ELE,63.33.21.0/24,1,0.39%
eccec9b0-337d-4d7b-b638-56b5f69aeaf0,ELE,8.23.90.0/24,1,0.39%
eccec9b0-337d-4d7b-b638-56b5f69aeaf0,ELE,8.29.149.0/24,1,0.39%
eccec9b0-337d-4d7b-b638-56b5f69aeaf0,ELE,85.13.154.0/24,1,0.39%
56a7bf4e-5196-4dbb-8d88-74cd5817aefb,L,107.23.213.0/24,1,0.39%
56a7bf4e-5196-4dbb-8d88-74cd5817aefb,L,12.47.107.0/24,1,0.39%
56a7bf4e-5196-4dbb-8d88-74cd5817aefb,L,13.32.145.0/24,4,1.56%
56a7bf4e-5196-4dbb-8d88-74cd5817aefb,L,138.91.107.0/24,1,0.39%
56a7bf4e-5196-4dbb-8d88-74cd5817aefb,L,15.184.124.0/24,1,0.39%
56a7bf4e-5196-4dbb-8d88-74cd5817aefb,L,15.184.145.0/24,1,0.39%
56a7bf4e-5196-4dbb-8d88-74cd5817aefb,L,15.185.179.0/24,1,0.39%
56a7bf4e-5196-4dbb-8d88-74cd5817aefb,L,156.154.67.0/24,1,0.39%
56a7bf4e-5196-4dbb-8d88-74cd5817aefb,L,156.154.68.0/24,1,0.39%
56a7bf4e-5196-4dbb-8d88-74cd5817aefb,L,156.154.69.0/24,1,0.39%
56a7bf4e-5196-4dbb-8d88-74cd5817aefb,L,157.175.24.0/24,1,0.39%
56a7bf4e-5196-4dbb-8d88-74cd5817aefb,L,157.241.1.0/24,1,0.39%
56a7bf4e-5196-4dbb-8d88-74cd5817aefb,L,157.241.65.0/24,1,0.39%
56a7bf4e-5196-4dbb-8d88-74cd5817aefb,L,165.156.25.0/24,3,1.17%
56a7bf4e-5196-4dbb-8d88-74cd5817aefb,L,165.156.76.0/24,9,3.52%
56a7bf4e-5196-4dbb-8d88-74cd5817aefb,L,165.156.78.0/24,9,3.52%
56a7bf4e-5196-4dbb-8d88-74cd5817aefb,L,176.34.251.0/24,1,0.39%
56a7bf4e-5196-4dbb-8d88-74cd5817aefb,L,18.140.210.0/24,1,0.39%
56a7bf4e-5196-4dbb-8d88-74cd5817aefb,L,18.203.183.0/24,1,0.39%
56a7bf4e-5196-4dbb-8d88-74cd5817aefb,L,18.232.28.0/24,1,0.39%
56a7bf4e-5196-4dbb-8d88-74cd5817aefb,L,184.73.160.0/24,1,0.39%
56a7bf4e-5196-4dbb-8d88-74cd5817aefb,L,20.118.48.0/24,1,0.39%
56a7bf4e-5196-4dbb-8d88-74cd5817aefb,L,20.119.0.0/24,1,0.39%
56a7bf4e-5196-4dbb-8d88-74cd5817aefb,L,20.119.8.0/24,2,0.78%
56a7bf4e-5196-4dbb-8d88-74cd5817aefb,L,20.198.140.0/24,1,0.39%
56a7bf4e-5196-4dbb-8d88-74cd5817aefb,L,20.23.35.0/24,1,0.39%
56a7bf4e-5196-4dbb-8d88-74cd5817aefb,L,20.241.152.0/24,1,0.39%
56a7bf4e-5196-4dbb-8d88-74cd5817aefb,L,20.40.202.0/24,1,0.39%
56a7bf4e-5196-4dbb-8d88-74cd5817aefb,L,20.42.80.0/24,1,0.39%
56a7bf4e-5196-4dbb-8d88-74cd5817aefb,L,20.49.104.0/24,1,0.39%
56a7bf4e-5196-4dbb-8d88-74cd5817aefb,L,20.75.129.0/24,1,0.39%
56a7bf4e-5196-4dbb-8d88-74cd5817aefb,L,204.74.99.0/24,1,0.39%
56a7bf4e-5196-4dbb-8d88-74cd5817aefb,L,23.22.168.0/24,1,0.39%
56a7bf4e-5196-4dbb-8d88-74cd5817aefb,L,23.22.25.0/24,1,0.39%
56a7bf4e-5196-4dbb-8d88-74cd5817aefb,L,23.22.5.0/24,1,0.39%
56a7bf4e-5196-4dbb-8d88-74cd5817aefb,L,3.1.1.0/24,1,0.39%
56a7bf4e-5196-4dbb-8d88-74cd5817aefb,L,3.1.88.0/24,1,0.39%
56a7bf4e-5196-4dbb-8d88-74cd5817aefb,L,3.223.71.0/24,1,0.39%
56a7bf4e-5196-4dbb-8d88-74cd5817aefb,L,3.226.182.0/24,1,0.39%
56a7bf4e-5196-4dbb-8d88-74cd5817aefb,L,3.232.7.0/24,1,0.39%
56a7bf4e-5196-4dbb-8d88-74cd5817aefb,L,3.68.57.0/24,1,0.39%
56a7bf4e-5196-4dbb-8d88-74cd5817aefb,L,3.83.71.0/24,1,0.39%
56a7bf4e-5196-4dbb-8d88-74cd5817aefb,L,34.192.229.0/24,1,0.39%
56a7bf4e-5196-4dbb-8d88-74cd5817aefb,L,34.192.64.0/24,1,0.39%
56a7bf4e-5196-4dbb-8d88-74cd5817aefb,L,34.196.173.0/24,1,0.39%
56a7bf4e-5196-4dbb-8d88-74cd5817aefb,L,34.199.247.0/24,1,0.39%
56a7bf4e-5196-4dbb-8d88-74cd5817aefb,L,34.206.183.0/24,1,0.39%
56a7bf4e-5196-4dbb-8d88-74cd5817aefb,L,34.230.208.0/24,1,0.39%
56a7bf4e-5196-4dbb-8d88-74cd5817aefb,L,34.236.42.0/24,1,0.39%
56a7bf4e-5196-4dbb-8d88-74cd5817aefb,L,34.248.51.0/24,1,0.39%
56a7bf4e-5196-4dbb-8d88-74cd5817aefb,L,34.249.72.0/24,1,0.39%
56a7bf4e-5196-4dbb-8d88-74cd5817aefb,L,34.250.165.0/24,1,0.39%
56a7bf4e-5196-4dbb-8d88-74cd5817aefb,L,34.253.73.0/24,1,0.39%
56a7bf4e-5196-4dbb-8d88-74cd5817aefb,L,35.156.110.0/24,1,0.39%
56a7bf4e-5196-4dbb-8d88-74cd5817aefb,L,35.170.135.0/24,1,0.39%
56a7bf4e-5196-4dbb-8d88-74cd5817aefb,L,40.117.169.0/24,1,0.39%
56a7bf4e-5196-4dbb-8d88-74cd5817aefb,L,40.71.11.0/24,1,0.39%
56a7bf4e-5196-4dbb-8d88-74cd5817aefb,L,40.76.130.0/24,1,0.39%
56a7bf4e-5196-4dbb-8d88-74cd5817aefb,L,40.88.54.0/24,1,0.39%
56a7bf4e-5196-4dbb-8d88-74cd5817aefb,L,52.0.55.0/24,1,0.39%
56a7bf4e-5196-4dbb-8d88-74cd5817aefb,L,52.1.75.0/24,1,0.39%
56a7bf4e-5196-4dbb-8d88-74cd5817aefb,L,52.104.102.0/24,1,0.39%
56a7bf4e-5196-4dbb-8d88-74cd5817aefb,L,52.142.36.0/24,1,0.39%
56a7bf4e-5196-4dbb-8d88-74cd5817aefb,L,52.16.201.0/24,1,0.39%
56a7bf4e-5196-4dbb-8d88-74cd5817aefb,L,52.18.177.0/24,1,0.39%
56a7bf4e-5196-4dbb-8d88-74cd5817aefb,L,52.19.119.0/24,1,0.39%
56a7bf4e-5196-4dbb-8d88-74cd5817aefb,L,52.191.221.0/24,1,0.39%
56a7bf4e-5196-4dbb-8d88-74cd5817aefb,L,52.191.231.0/24,1,0.39%
56a7bf4e-5196-4dbb-8d88-74cd5817aefb,L,52.20.168.0/24,1,0.39%
56a7bf4e-5196-4dbb-8d88-74cd5817aefb,L,52.20.170.0/24,1,0.39%
56a7bf4e-5196-4dbb-8d88-74cd5817aefb,L,52.20.41.0/24,1,0.39%
56a7bf4e-5196-4dbb-8d88-74cd5817aefb,L,52.203.246.0/24,1,0.39%
56a7bf4e-5196-4dbb-8d88-74cd5817aefb,L,52.203.5.0/24,1,0.39%
56a7bf4e-5196-4dbb-8d88-74cd5817aefb,L,52.206.77.0/24,1,0.39%
56a7bf4e-5196-4dbb-8d88-74cd5817aefb,L,52.21.227.0/24,1,0.39%
56a7bf4e-5196-4dbb-8d88-74cd5817aefb,L,52.212.24.0/24,1,0.39%
56a7bf4e-5196-4dbb-8d88-74cd5817aefb,L,52.44.51.0/24,1,0.39%
56a7bf4e-5196-4dbb-8d88-74cd5817aefb,L,52.71.154.0/24,1,0.39%
56a7bf4e-5196-4dbb-8d88-74cd5817aefb,L,52.87.40.0/24,1,0.39%
56a7bf4e-5196-4dbb-8d88-74cd5817aefb,L,54.164.5.0/24,1,0.39%
56a7bf4e-5196-4dbb-8d88-74cd5817aefb,L,54.173.84.0/24,1,0.39%
56a7bf4e-5196-4dbb-8d88-74cd5817aefb,L,54.195.253.0/24,1,0.39%
56a7bf4e-5196-4dbb-8d88-74cd5817aefb,L,54.208.70.0/24,1,0.39%
56a7bf4e-5196-4dbb-8d88-74cd5817aefb,L,54.216.127.0/24,1,0.39%
56a7bf4e-5196-4dbb-8d88-74cd5817aefb,L,54.229.66.0/24,1,0.39%
56a7bf4e-5196-4dbb-8d88-74cd5817aefb,L,54.237.159.0/24,1,0.39%
56a7bf4e-5196-4dbb-8d88-74cd5817aefb,L,54.76.121.0/24,1,0.39%
56a7bf4e-5196-4dbb-8d88-74cd5817aefb,L,54.76.16.0/24,1,0.39%
56a7bf4e-5196-4dbb-8d88-74cd5817aefb,L,54.82.13.0/24,1,0.39%
56a7bf4e-5196-4dbb-8d88-74cd5817aefb,L,54.84.57.0/24,1,0.39%
56a7bf4e-5196-4dbb-8d88-74cd5817aefb,L,54.87.114.0/24,1,0.39%
56a7bf4e-5196-4dbb-8d88-74cd5817aefb,L,54.88.114.0/24,1,0.39%
56a7bf4e-5196-4dbb-8d88-74cd5817aefb,L,54.89.193.0/24,1,0.39%
56a7bf4e-5196-4dbb-8d88-74cd5817aefb,L,63.140.38.0/24,18,7.03%
56a7bf4e-5196-4dbb-8d88-74cd5817aefb,L,63.33.21.0/24,1,0.39%
56a7bf4e-5196-4dbb-8d88-74cd5817aefb,L,8.23.90.0/24,1,0.39%
56a7bf4e-5196-4dbb-8d88-74cd5817aefb,L,8.29.149.0/24,1,0.39%
56a7bf4e-5196-4dbb-8d88-74cd5817aefb,L,99.86.91.0/24,4,1.56%
3341c1f4-8c5e-457b-b24c-d37f560f6310,VX,104.16.8.0/24,1,0.39%
3341c1f4-8c5e-457b-b24c-d37f560f6310,VX,104.17.156.0/24,1,0.39%
3341c1f4-8c5e-457b-b24c-d37f560f6310,VX,104.18.0.0/24,4,1.56%
3341c1f4-8c5e-457b-b24c-d37f560f6310,VX,104.18.1.0/24,4,1.56%
3341c1f4-8c5e-457b-b24c-d37f560f6310,VX,104.18.10.0/24,1,0.39%
3341c1f4-8c5e-457b-b24c-d37f560f6310,VX,104.18.11.0/24,1,0.39%
3341c1f4-8c5e-457b-b24c-d37f560f6310,VX,104.18.12.0/24,1,0.39%
3341c1f4-8c5e-457b-b24c-d37f560f6310,VX,104.18.13.0/24,1,0.39%
3341c1f4-8c5e-457b-b24c-d37f560f6310,VX,104.18.14.0/24,1,0.39%
3341c1f4-8c5e-457b-b24c-d37f560f6310,VX,104.18.15.0/24,1,0.39%
3341c1f4-8c5e-457b-b24c-d37f560f6310,VX,104.18.16.0/24,2,0.78%
3341c1f4-8c5e-457b-b24c-d37f560f6310,VX,104.18.17.0/24,2,0.78%
3341c1f4-8c5e-457b-b24c-d37f560f6310,VX,104.18.18.0/24,4,1.56%
3341c1f4-8c5e-457b-b24c-d37f560f6310,VX,104.18.19.0/24,5,1.95%
3341c1f4-8c5e-457b-b24c-d37f560f6310,VX,104.18.20.0/24,3,1.17%
3341c1f4-8c5e-457b-b24c-d37f560f6310,VX,104.18.21.0/24,3,1.17%
3341c1f4-8c5e-457b-b24c-d37f560f6310,VX,104.18.22.0/24,2,0.78%
3341c1f4-8c5e-457b-b24c-d37f560f6310,VX,104.18.23.0/24,2,0.78%
3341c1f4-8c5e-457b-b24c-d37f560f6310,VX,104.18.24.0/24,3,1.17%
3341c1f4-8c5e-457b-b24c-d37f560f6310,VX,104.18.25.0/24,3,1.17%
3341c1f4-8c5e-457b-b24c-d37f560f6310,VX,104.18.26.0/24,2,0.78%
3341c1f4-8c5e-457b-b24c-d37f560f6310,VX,104.18.27.0/24,2,0.78%
3341c1f4-8c5e-457b-b24c-d37f560f6310,VX,104.18.28.0/24,2,0.78%
3341c1f4-8c5e-457b-b24c-d37f560f6310,VX,104.18.29.0/24,2,0.78%
3341c1f4-8c5e-457b-b24c-d37f560f6310,VX,104.18.30.0/24,2,0.78%
3341c1f4-8c5e-457b-b24c-d37f560f6310,VX,104.18.31.0/24,2,0.78%
3341c1f4-8c5e-457b-b24c-d37f560f6310,VX,104.18.32.0/24,11,4.3%
3341c1f4-8c5e-457b-b24c-d37f560f6310,VX,104.18.33.0/24,10,3.91%
3341c1f4-8c5e-457b-b24c-d37f560f6310,VX,104.18.34.0/24,8,3.12%
3341c1f4-8c5e-457b-b24c-d37f560f6310,VX,104.18.35.0/24,13,5.08%
3341c1f4-8c5e-457b-b24c-d37f560f6310,VX,104.18.36.0/24,13,5.08%
3341c1f4-8c5e-457b-b24c-d37f560f6310,VX,104.18.37.0/24,9,3.52%
3341c1f4-8c5e-457b-b24c-d37f560f6310,VX,104.18.38.0/24,15,5.86%
3341c1f4-8c5e-457b-b24c-d37f560f6310,VX,104.18.39.0/24,6,2.34%
3341c1f4-8c5e-457b-b24c-d37f560f6310,VX,104.18.4.0/24,2,0.78%
3341c1f4-8c5e-457b-b24c-d37f560f6310,VX,104.18.40.0/24,18,7.03%
3341c1f4-8c5e-457b-b24c-d37f560f6310,VX,104.18.41.0/24,11,4.3%
3341c1f4-8c5e-457b-b24c-d37f560f6310,VX,104.18.42.0/24,13,5.08%
3341c1f4-8c5e-457b-b24c-d37f560f6310,VX,104.18.43.0/24,17,6.64%
3341c1f4-8c5e-457b-b24c-d37f560f6310,VX,104.18.5.0/24,2,0.78%
3341c1f4-8c5e-457b-b24c-d37f560f6310,VX,104.18.6.0/24,1,0.39%
3341c1f4-8c5e-457b-b24c-d37f560f6310,VX,104.18.7.0/24,1,0.39%
3341c1f4-8c5e-457b-b24c-d37f560f6310,VX,104.18.8.0/24,2,0.78%
3341c1f4-8c5e-457b-b24c-d37f560f6310,VX,104.18.9.0/24,2,0.78%
3341c1f4-8c5e-457b-b24c-d37f560f6310,VX,13.110.24.0/24,4,1.56%
3341c1f4-8c5e-457b-b24c-d37f560f6310,VX,13.248.160.0/24,1,0.39%
3341c1f4-8c5e-457b-b24c-d37f560f6310,VX,13.249.9.0/24,11,4.3%
3341c1f4-8c5e-457b-b24c-d37f560f6310,VX,13.32.145.0/24,19,7.42%
3341c1f4-8c5e-457b-b24c-d37f560f6310,VX,13.54.222.0/24,1,0.39%
3341c1f4-8c5e-457b-b24c-d37f560f6310,VX,13.54.88.0/24,1,0.39%
3341c1f4-8c5e-457b-b24c-d37f560f6310,VX,13.55.140.0/24,1,0.39%
3341c1f4-8c5e-457b-b24c-d37f560f6310,VX,13.59.106.0/24,1,0.39%
3341c1f4-8c5e-457b-b24c-d37f560f6310,VX,13.68.251.0/24,1,0.39%
3341c1f4-8c5e-457b-b24c-d37f560f6310,VX,148.177.10.0/24,1,0.39%
3341c1f4-8c5e-457b-b24c-d37f560f6310,VX,148.177.130.0/24,1,0.39%
3341c1f4-8c5e-457b-b24c-d37f560f6310,VX,148.177.144.0/24,1,0.39%
3341c1f4-8c5e-457b-b24c-d37f560f6310,VX,148.177.145.0/24,1,0.39%
3341c1f4-8c5e-457b-b24c-d37f560f6310,VX,148.177.146.0/24,6,2.34%
3341c1f4-8c5e-457b-b24c-d37f560f6310,VX,148.177.17.0/24,2,0.78%
3341c1f4-8c5e-457b-b24c-d37f560f6310,VX,148.177.2.0/24,1,0.39%
3341c1f4-8c5e-457b-b24c-d37f560f6310,VX,148.177.20.0/24,1,0.39%
3341c1f4-8c5e-457b-b24c-d37f560f6310,VX,148.177.28.0/24,3,1.17%
3341c1f4-8c5e-457b-b24c-d37f560f6310,VX,148.177.29.0/24,9,3.52%
3341c1f4-8c5e-457b-b24c-d37f560f6310,VX,148.177.3.0/24,3,1.17%
3341c1f4-8c5e-457b-b24c-d37f560f6310,VX,148.177.30.0/24,1,0.39%
3341c1f4-8c5e-457b-b24c-d37f560f6310,VX,148.177.8.0/24,2,0.78%
3341c1f4-8c5e-457b-b24c-d37f560f6310,VX,161.129.72.0/24,1,0.39%
3341c1f4-8c5e-457b-b24c-d37f560f6310,VX,172.30.4.0/24,1,0.39%
3341c1f4-8c5e-457b-b24c-d37f560f6310,VX,172.64.144.0/24,17,6.64%
3341c1f4-8c5e-457b-b24c-d37f560f6310,VX,172.64.145.0/24,13,5.08%
3341c1f4-8c5e-457b-b24c-d37f560f6310,VX,172.64.146.0/24,11,4.3%
3341c1f4-8c5e-457b-b24c-d37f560f6310,VX,172.64.147.0/24,18,7.03%
3341c1f4-8c5e-457b-b24c-d37f560f6310,VX,172.64.148.0/24,6,2.34%
3341c1f4-8c5e-457b-b24c-d37f560f6310,VX,172.64.149.0/24,15,5.86%
3341c1f4-8c5e-457b-b24c-d37f560f6310,VX,172.64.150.0/24,9,3.52%
3341c1f4-8c5e-457b-b24c-d37f560f6310,VX,172.64.151.0/24,13,5.08%
3341c1f4-8c5e-457b-b24c-d37f560f6310,VX,172.64.152.0/24,13,5.08%
3341c1f4-8c5e-457b-b24c-d37f560f6310,VX,172.64.153.0/24,8,3.12%
3341c1f4-8c5e-457b-b24c-d37f560f6310,VX,172.64.154.0/24,10,3.91%
3341c1f4-8c5e-457b-b24c-d37f560f6310,VX,172.64.155.0/24,11,4.3%
3341c1f4-8c5e-457b-b24c-d37f560f6310,VX,177.87.136.0/24,1,0.39%
3341c1f4-8c5e-457b-b24c-d37f560f6310,VX,18.200.45.0/24,1,0.39%
3341c1f4-8c5e-457b-b24c-d37f560f6310,VX,18.213.53.0/24,1,0.39%
3341c1f4-8c5e-457b-b24c-d37f560f6310,VX,184.73.43.0/24,1,0.39%
3341c1f4-8c5e-457b-b24c-d37f560f6310,VX,188.40.16.0/24,1,0.39%
3341c1f4-8c5e-457b-b24c-d37f560f6310,VX,192.124.249.0/24,1,0.39%
3341c1f4-8c5e-457b-b24c-d37f560f6310,VX,199.65.193.0/24,2,0.78%
3341c1f4-8c5e-457b-b24c-d37f560f6310,VX,199.65.209.0/24,1,0.39%
3341c1f4-8c5e-457b-b24c-d37f560f6310,VX,199.65.212.0/24,2,0.78%
3341c1f4-8c5e-457b-b24c-d37f560f6310,VX,199.65.26.0/24,2,0.78%
3341c1f4-8c5e-457b-b24c-d37f560f6310,VX,20.110.100.0/24,1,0.39%
3341c1f4-8c5e-457b-b24c-d37f560f6310,VX,20.72.193.0/24,1,0.39%
3341c1f4-8c5e-457b-b24c-d37f560f6310,VX,20.85.204.0/24,1,0.39%
3341c1f4-8c5e-457b-b24c-d37f560f6310,VX,20.88.177.0/24,1,0.39%
3341c1f4-8c5e-457b-b24c-d37f560f6310,VX,23.66.210.0/24,1,0.39%
3341c1f4-8c5e-457b-b24c-d37f560f6310,VX,3.10.230.0/24,1,0.39%
3341c1f4-8c5e-457b-b24c-d37f560f6310,VX,3.213.84.0/24,1,0.39%
3341c1f4-8c5e-457b-b24c-d37f560f6310,VX,3.214.138.0/24,1,0.39%
3341c1f4-8c5e-457b-b24c-d37f560f6310,VX,3.218.219.0/24,1,0.39%
3341c1f4-8c5e-457b-b24c-d37f560f6310,VX,3.221.198.0/24,1,0.39%
3341c1f4-8c5e-457b-b24c-d37f560f6310,VX,3.226.157.0/24,1,0.39%
3341c1f4-8c5e-457b-b24c-d37f560f6310,VX,34.141.233.0/24,1,0.39%
3341c1f4-8c5e-457b-b24c-d37f560f6310,VX,34.197.228.0/24,1,0.39%
3341c1f4-8c5e-457b-b24c-d37f560f6310,VX,34.234.120.0/24,1,0.39%
3341c1f4-8c5e-457b-b24c-d37f560f6310,VX,35.168.181.0/24,1,0.39%
3341c1f4-8c5e-457b-b24c-d37f560f6310,VX,35.179.6.0/24,1,0.39%
3341c1f4-8c5e-457b-b24c-d37f560f6310,VX,35.71.186.0/24,1,0.39%
3341c1f4-8c5e-457b-b24c-d37f560f6310,VX,40.88.9.0/24,2,0.78%
3341c1f4-8c5e-457b-b24c-d37f560f6310,VX,44.195.237.0/24,1,0.39%
3341c1f4-8c5e-457b-b24c-d37f560f6310,VX,50.234.16.0/24,1,0.39%
3341c1f4-8c5e-457b-b24c-d37f560f6310,VX,52.0.103.0/24,1,0.39%
3341c1f4-8c5e-457b-b24c-d37f560f6310,VX,52.137.90.0/24,1,0.39%
3341c1f4-8c5e-457b-b24c-d37f560f6310,VX,52.186.49.0/24,2,0.78%
3341c1f4-8c5e-457b-b24c-d37f560f6310,VX,52.188.221.0/24,1,0.39%
3341c1f4-8c5e-457b-b24c-d37f560f6310,VX,52.19.16.0/24,1,0.39%
3341c1f4-8c5e-457b-b24c-d37f560f6310,VX,52.19.183.0/24,1,0.39%
3341c1f4-8c5e-457b-b24c-d37f560f6310,VX,52.190.62.0/24,2,0.78%
3341c1f4-8c5e-457b-b24c-d37f560f6310,VX,52.200.239.0/24,1,0.39%
3341c1f4-8c5e-457b-b24c-d37f560f6310,VX,52.202.213.0/24,1,0.39%
3341c1f4-8c5e-457b-b24c-d37f560f6310,VX,52.206.234.0/24,1,0.39%
3341c1f4-8c5e-457b-b24c-d37f560f6310,VX,52.207.136.0/24,1,0.39%
3341c1f4-8c5e-457b-b24c-d37f560f6310,VX,52.207.88.0/24,1,0.39%
3341c1f4-8c5e-457b-b24c-d37f560f6310,VX,52.21.12.0/24,1,0.39%
3341c1f4-8c5e-457b-b24c-d37f560f6310,VX,52.212.229.0/24,1,0.39%
3341c1f4-8c5e-457b-b24c-d37f560f6310,VX,52.216.37.0/24,1,0.39%
3341c1f4-8c5e-457b-b24c-d37f560f6310,VX,52.221.102.0/24,1,0.39%
3341c1f4-8c5e-457b-b24c-d37f560f6310,VX,52.222.174.0/24,17,6.64%
3341c1f4-8c5e-457b-b24c-d37f560f6310,VX,52.223.7.0/24,1,0.39%
3341c1f4-8c5e-457b-b24c-d37f560f6310,VX,52.230.1.0/24,1,0.39%
3341c1f4-8c5e-457b-b24c-d37f560f6310,VX,52.248.98.0/24,1,0.39%
3341c1f4-8c5e-457b-b24c-d37f560f6310,VX,52.84.174.0/24,16,6.25%
3341c1f4-8c5e-457b-b24c-d37f560f6310,VX,54.154.155.0/24,1,0.39%
3341c1f4-8c5e-457b-b24c-d37f560f6310,VX,54.157.249.0/24,1,0.39%
3341c1f4-8c5e-457b-b24c-d37f560f6310,VX,54.158.144.0/24,1,0.39%
3341c1f4-8c5e-457b-b24c-d37f560f6310,VX,54.198.247.0/24,1,0.39%
3341c1f4-8c5e-457b-b24c-d37f560f6310,VX,54.208.143.0/24,1,0.39%
3341c1f4-8c5e-457b-b24c-d37f560f6310,VX,54.210.91.0/24,1,0.39%
3341c1f4-8c5e-457b-b24c-d37f560f6310,VX,54.211.61.0/24,1,0.39%
3341c1f4-8c5e-457b-b24c-d37f560f6310,VX,54.229.130.0/24,1,0.39%
3341c1f4-8c5e-457b-b24c-d37f560f6310,VX,54.231.135.0/24,1,0.39%
3341c1f4-8c5e-457b-b24c-d37f560f6310,VX,54.84.181.0/24,1,0.39%
3341c1f4-8c5e-457b-b24c-d37f560f6310,VX,67.199.248.0/24,2,0.78%
3341c1f4-8c5e-457b-b24c-d37f560f6310,VX,75.2.43.0/24,1,0.39%
3341c1f4-8c5e-457b-b24c-d37f560f6310,VX,76.223.34.0/24,1,0.39%
3341c1f4-8c5e-457b-b24c-d37f560f6310,VX,84.110.110.0/24,1,0.39%
3341c1f4-8c5e-457b-b24c-d37f560f6310,VX,99.83.186.0/24,1,0.39%
3341c1f4-8c5e-457b-b24c-d37f560f6310,VX,99.86.91.0/24,26,10.16%
7961ae69-0db1-423e-bc99-eb9a5ee8bad7,Fruit,101.231.173.0/24,1,0.39%
7961ae69-0db1-423e-bc99-eb9a5ee8bad7,Fruit,104.102.137.0/24,1,0.39%
7961ae69-0db1-423e-bc99-eb9a5ee8bad7,Fruit,104.102.139.0/24,1,0.39%
7961ae69-0db1-423e-bc99-eb9a5ee8bad7,Fruit,104.102.140.0/24,1,0.39%
7961ae69-0db1-423e-bc99-eb9a5ee8bad7,Fruit,104.102.141.0/24,1,0.39%
7961ae69-0db1-423e-bc99-eb9a5ee8bad7,Fruit,104.18.210.0/24,1,0.39%
7961ae69-0db1-423e-bc99-eb9a5ee8bad7,Fruit,104.18.211.0/24,1,0.39%
7961ae69-0db1-423e-bc99-eb9a5ee8bad7,Fruit,111.227.116.0/24,1,0.39%
7961ae69-0db1-423e-bc99-eb9a5ee8bad7,Fruit,113.96.142.0/24,1,0.39%
7961ae69-0db1-423e-bc99-eb9a5ee8bad7,Fruit,115.231.33.0/24,1,0.39%
7961ae69-0db1-423e-bc99-eb9a5ee8bad7,Fruit,119.96.211.0/24,1,0.39%
7961ae69-0db1-423e-bc99-eb9a5ee8bad7,Fruit,125.35.248.0/24,2,0.78%
7961ae69-0db1-423e-bc99-eb9a5ee8bad7,Fruit,125.39.113.0/24,1,0.39%
7961ae69-0db1-423e-bc99-eb9a5ee8bad7,Fruit,13.209.143.0/24,1,0.39%
7961ae69-0db1-423e-bc99-eb9a5ee8bad7,Fruit,13.213.122.0/24,1,0.39%
7961ae69-0db1-423e-bc99-eb9a5ee8bad7,Fruit,13.236.219.0/24,1,0.39%
7961ae69-0db1-423e-bc99-eb9a5ee8bad7,Fruit,140.249.145.0/24,1,0.39%
7961ae69-0db1-423e-bc99-eb9a5ee8bad7,Fruit,140.249.155.0/24,1,0.39%
7961ae69-0db1-423e-bc99-eb9a5ee8bad7,Fruit,144.178.16.0/24,12,4.69%
7961ae69-0db1-423e-bc99-eb9a5ee8bad7,Fruit,144.178.18.0/24,8,3.12%
7961ae69-0db1-423e-bc99-eb9a5ee8bad7,Fruit,144.178.19.0/24,6,2.34%
7961ae69-0db1-423e-bc99-eb9a5ee8bad7,Fruit,15.160.39.0/24,1,0.39%
7961ae69-0db1-423e-bc99-eb9a5ee8bad7,Fruit,15.160.8.0/24,1,0.39%
7961ae69-0db1-423e-bc99-eb9a5ee8bad7,Fruit,15.164.151.0/24,1,0.39%
7961ae69-0db1-423e-bc99-eb9a5ee8bad7,Fruit,15.207.80.0/24,1,0.39%
7961ae69-0db1-423e-bc99-eb9a5ee8bad7,Fruit,150.139.237.0/24,1,0.39%
7961ae69-0db1-423e-bc99-eb9a5ee8bad7,Fruit,151.101.209.0/24,1,0.39%
7961ae69-0db1-423e-bc99-eb9a5ee8bad7,Fruit,17.110.232.0/24,3,1.17%
7961ae69-0db1-423e-bc99-eb9a5ee8bad7,Fruit,17.110.234.0/24,4,1.56%
7961ae69-0db1-423e-bc99-eb9a5ee8bad7,Fruit,17.111.109.0/24,1,0.39%
7961ae69-0db1-423e-bc99-eb9a5ee8bad7,Fruit,17.120.252.0/24,4,1.56%
7961ae69-0db1-423e-bc99-eb9a5ee8bad7,Fruit,17.120.254.0/24,13,5.08%
7961ae69-0db1-423e-bc99-eb9a5ee8bad7,Fruit,17.122.192.0/24,1,0.39%
7961ae69-0db1-423e-bc99-eb9a5ee8bad7,Fruit,17.125.249.0/24,1,0.39%
7961ae69-0db1-423e-bc99-eb9a5ee8bad7,Fruit,17.125.250.0/24,1,0.39%
7961ae69-0db1-423e-bc99-eb9a5ee8bad7,Fruit,17.132.18.0/24,14,5.47%
7961ae69-0db1-423e-bc99-eb9a5ee8bad7,Fruit,17.132.29.0/24,15,5.86%
7961ae69-0db1-423e-bc99-eb9a5ee8bad7,Fruit,17.132.4.0/24,7,2.73%
7961ae69-0db1-423e-bc99-eb9a5ee8bad7,Fruit,17.132.8.0/24,9,3.52%
7961ae69-0db1-423e-bc99-eb9a5ee8bad7,Fruit,17.137.0.0/24,12,4.69%
7961ae69-0db1-423e-bc99-eb9a5ee8bad7,Fruit,17.137.152.0/24,3,1.17%
7961ae69-0db1-423e-bc99-eb9a5ee8bad7,Fruit,17.137.160.0/24,24,9.38%
7961ae69-0db1-423e-bc99-eb9a5ee8bad7,Fruit,17.137.161.0/24,1,0.39%
7961ae69-0db1-423e-bc99-eb9a5ee8bad7,Fruit,17.137.184.0/24,4,1.56%
7961ae69-0db1-423e-bc99-eb9a5ee8bad7,Fruit,17.138.144.0/24,1,0.39%
7961ae69-0db1-423e-bc99-eb9a5ee8bad7,Fruit,17.138.176.0/24,1,0.39%
7961ae69-0db1-423e-bc99-eb9a5ee8bad7,Fruit,17.142.169.0/24,4,1.56%
7961ae69-0db1-423e-bc99-eb9a5ee8bad7,Fruit,17.142.170.0/24,1,0.39%
7961ae69-0db1-423e-bc99-eb9a5ee8bad7,Fruit,17.145.16.0/24,1,0.39%
7961ae69-0db1-423e-bc99-eb9a5ee8bad7,Fruit,17.157.64.0/24,1,0.39%
7961ae69-0db1-423e-bc99-eb9a5ee8bad7,Fruit,17.157.96.0/24,1,0.39%
7961ae69-0db1-423e-bc99-eb9a5ee8bad7,Fruit,17.157.97.0/24,1,0.39%
7961ae69-0db1-423e-bc99-eb9a5ee8bad7,Fruit,17.157.98.0/24,2,0.78%
7961ae69-0db1-423e-bc99-eb9a5ee8bad7,Fruit,17.161.96.0/24,13,5.08%
7961ae69-0db1-423e-bc99-eb9a5ee8bad7,Fruit,17.164.1.0/24,6,2.34%
7961ae69-0db1-423e-bc99-eb9a5ee8bad7,Fruit,17.167.200.0/24,50,19.53%
7961ae69-0db1-423e-bc99-eb9a5ee8bad7,Fruit,17.167.225.0/24,1,0.39%
7961ae69-0db1-423e-bc99-eb9a5ee8bad7,Fruit,17.171.11.0/24,1,0.39%
7961ae69-0db1-423e-bc99-eb9a5ee8bad7,Fruit,17.171.120.0/24,9,3.52%
7961ae69-0db1-423e-bc99-eb9a5ee8bad7,Fruit,17.171.40.0/24,1,0.39%
7961ae69-0db1-423e-bc99-eb9a5ee8bad7,Fruit,17.171.43.0/24,1,0.39%
7961ae69-0db1-423e-bc99-eb9a5ee8bad7,Fruit,17.171.44.0/24,1,0.39%
7961ae69-0db1-423e-bc99-eb9a5ee8bad7,Fruit,17.171.49.0/24,15,5.86%
7961ae69-0db1-423e-bc99-eb9a5ee8bad7,Fruit,17.171.88.0/24,2,0.78%
7961ae69-0db1-423e-bc99-eb9a5ee8bad7,Fruit,17.171.89.0/24,2,0.78%
7961ae69-0db1-423e-bc99-eb9a5ee8bad7,Fruit,17.171.99.0/24,11,4.3%
7961ae69-0db1-423e-bc99-eb9a5ee8bad7,Fruit,17.172.224.0/24,1,0.39%
7961ae69-0db1-423e-bc99-eb9a5ee8bad7,Fruit,17.179.124.0/24,15,5.86%
7961ae69-0db1-423e-bc99-eb9a5ee8bad7,Fruit,17.179.125.0/24,3,1.17%
7961ae69-0db1-423e-bc99-eb9a5ee8bad7,Fruit,17.179.240.0/24,7,2.73%
7961ae69-0db1-423e-bc99-eb9a5ee8bad7,Fruit,17.179.241.0/24,1,0.39%
7961ae69-0db1-423e-bc99-eb9a5ee8bad7,Fruit,17.179.244.0/24,28,10.94%
7961ae69-0db1-423e-bc99-eb9a5ee8bad7,Fruit,17.179.252.0/24,1,0.39%
7961ae69-0db1-423e-bc99-eb9a5ee8bad7,Fruit,17.179.32.0/24,1,0.39%
7961ae69-0db1-423e-bc99-eb9a5ee8bad7,Fruit,17.188.128.0/24,1,0.39%
7961ae69-0db1-423e-bc99-eb9a5ee8bad7,Fruit,17.188.130.0/24,1,0.39%
7961ae69-0db1-423e-bc99-eb9a5ee8bad7,Fruit,17.188.131.0/24,1,0.39%
7961ae69-0db1-423e-bc99-eb9a5ee8bad7,Fruit,17.188.132.0/24,3,1.17%
7961ae69-0db1-423e-bc99-eb9a5ee8bad7,Fruit,17.188.134.0/24,1,0.39%
7961ae69-0db1-423e-bc99-eb9a5ee8bad7,Fruit,17.188.136.0/24,1,0.39%
7961ae69-0db1-423e-bc99-eb9a5ee8bad7,Fruit,17.188.137.0/24,3,1.17%
7961ae69-0db1-423e-bc99-eb9a5ee8bad7,Fruit,17.188.138.0/24,2,0.78%
7961ae69-0db1-423e-bc99-eb9a5ee8bad7,Fruit,17.188.140.0/24,1,0.39%
7961ae69-0db1-423e-bc99-eb9a5ee8bad7,Fruit,17.188.141.0/24,2,0.78%
7961ae69-0db1-423e-bc99-eb9a5ee8bad7,Fruit,17.188.16.0/24,6,2.34%
7961ae69-0db1-423e-bc99-eb9a5ee8bad7,Fruit,17.188.168.0/24,15,5.86%
7961ae69-0db1-423e-bc99-eb9a5ee8bad7,Fruit,17.188.169.0/24,3,1.17%
7961ae69-0db1-423e-bc99-eb9a5ee8bad7,Fruit,17.188.17.0/24,6,2.34%
7961ae69-0db1-423e-bc99-eb9a5ee8bad7,Fruit,17.188.170.0/24,3,1.17%
7961ae69-0db1-423e-bc99-eb9a5ee8bad7,Fruit,17.188.171.0/24,4,1.56%
7961ae69-0db1-423e-bc99-eb9a5ee8bad7,Fruit,17.188.172.0/24,8,3.12%
7961ae69-0db1-423e-bc99-eb9a5ee8bad7,Fruit,17.188.176.0/24,3,1.17%
7961ae69-0db1-423e-bc99-eb9a5ee8bad7,Fruit,17.188.177.0/24,1,0.39%
7961ae69-0db1-423e-bc99-eb9a5ee8bad7,Fruit,17.188.18.0/24,2,0.78%
7961ae69-0db1-423e-bc99-eb9a5ee8bad7,Fruit,17.188.180.0/24,9,3.52%
7961ae69-0db1-423e-bc99-eb9a5ee8bad7,Fruit,17.188.181.0/24,4,1.56%
7961ae69-0db1-423e-bc99-eb9a5ee8bad7,Fruit,17.188.182.0/24,10,3.91%
7961ae69-0db1-423e-bc99-eb9a5ee8bad7,Fruit,17.188.183.0/24,8,3.12%
7961ae69-0db1-423e-bc99-eb9a5ee8bad7,Fruit,17.188.19.0/24,2,0.78%
7961ae69-0db1-423e-bc99-eb9a5ee8bad7,Fruit,17.188.192.0/24,4,1.56%
7961ae69-0db1-423e-bc99-eb9a5ee8bad7,Fruit,17.188.193.0/24,26,10.16%
7961ae69-0db1-423e-bc99-eb9a5ee8bad7,Fruit,17.188.194.0/24,3,1.17%
7961ae69-0db1-423e-bc99-eb9a5ee8bad7,Fruit,17.188.195.0/24,5,1.95%
7961ae69-0db1-423e-bc99-eb9a5ee8bad7,Fruit,17.188.196.0/24,5,1.95%
7961ae69-0db1-423e-bc99-eb9a5ee8bad7,Fruit,17.188.197.0/24,27,10.55%
7961ae69-0db1-423e-bc99-eb9a5ee8bad7,Fruit,17.188.198.0/24,5,1.95%
7961ae69-0db1-423e-bc99-eb9a5ee8bad7,Fruit,17.188.199.0/24,12,4.69%
7961ae69-0db1-423e-bc99-eb9a5ee8bad7,Fruit,17.188.201.0/24,8,3.12%
7961ae69-0db1-423e-bc99-eb9a5ee8bad7,Fruit,17.188.205.0/24,8,3.12%
7961ae69-0db1-423e-bc99-eb9a5ee8bad7,Fruit,17.188.206.0/24,8,3.12%
7961ae69-0db1-423e-bc99-eb9a5ee8bad7,Fruit,17.188.209.0/24,8,3.12%
7961ae69-0db1-423e-bc99-eb9a5ee8bad7,Fruit,17.188.211.0/24,8,3.12%
7961ae69-0db1-423e-bc99-eb9a5ee8bad7,Fruit,17.188.214.0/24,8,3.12%
7961ae69-0db1-423e-bc99-eb9a5ee8bad7,Fruit,17.188.22.0/24,27,10.55%
7961ae69-0db1-423e-bc99-eb9a5ee8bad7,Fruit,17.188.221.0/24,7,2.73%
7961ae69-0db1-423e-bc99-eb9a5ee8bad7,Fruit,17.188.228.0/24,3,1.17%
7961ae69-0db1-423e-bc99-eb9a5ee8bad7,Fruit,17.188.229.0/24,4,1.56%
7961ae69-0db1-423e-bc99-eb9a5ee8bad7,Fruit,17.188.23.0/24,9,3.52%
7961ae69-0db1-423e-bc99-eb9a5ee8bad7,Fruit,17.188.232.0/24,4,1.56%
7961ae69-0db1-423e-bc99-eb9a5ee8bad7,Fruit,17.188.235.0/24,10,3.91%
7961ae69-0db1-423e-bc99-eb9a5ee8bad7,Fruit,17.188.236.0/24,7,2.73%
7961ae69-0db1-423e-bc99-eb9a5ee8bad7,Fruit,17.188.239.0/24,19,7.42%
7961ae69-0db1-423e-bc99-eb9a5ee8bad7,Fruit,17.188.27.0/24,3,1.17%
7961ae69-0db1-423e-bc99-eb9a5ee8bad7,Fruit,17.242.130.0/24,41,16.02%
7961ae69-0db1-423e-bc99-eb9a5ee8bad7,Fruit,17.242.160.0/24,9,3.52%
7961ae69-0db1-423e-bc99-eb9a5ee8bad7,Fruit,17.242.164.0/24,17,6.64%
7961ae69-0db1-423e-bc99-eb9a5ee8bad7,Fruit,17.242.179.0/24,22,8.59%
7961ae69-0db1-423e-bc99-eb9a5ee8bad7,Fruit,17.242.184.0/24,13,5.08%
7961ae69-0db1-423e-bc99-eb9a5ee8bad7,Fruit,17.242.2.0/24,7,2.73%
7961ae69-0db1-423e-bc99-eb9a5ee8bad7,Fruit,17.248.175.0/24,8,3.12%
7961ae69-0db1-423e-bc99-eb9a5ee8bad7,Fruit,17.250.5.0/24,1,0.39%
7961ae69-0db1-423e-bc99-eb9a5ee8bad7,Fruit,17.252.196.0/24,7,2.73%
7961ae69-0db1-423e-bc99-eb9a5ee8bad7,Fruit,17.252.244.0/24,25,9.77%
7961ae69-0db1-423e-bc99-eb9a5ee8bad7,Fruit,17.253.119.0/24,1,0.39%
7961ae69-0db1-423e-bc99-eb9a5ee8bad7,Fruit,17.253.142.0/24,1,0.39%
7961ae69-0db1-423e-bc99-eb9a5ee8bad7,Fruit,17.253.144.0/24,1,0.39%
7961ae69-0db1-423e-bc99-eb9a5ee8bad7,Fruit,17.253.20.0/24,2,0.78%
7961ae69-0db1-423e-bc99-eb9a5ee8bad7,Fruit,17.253.200.0/24,1,0.39%
7961ae69-0db1-423e-bc99-eb9a5ee8bad7,Fruit,17.253.207.0/24,1,0.39%
7961ae69-0db1-423e-bc99-eb9a5ee8bad7,Fruit,17.253.3.0/24,5,1.95%
7961ae69-0db1-423e-bc99-eb9a5ee8bad7,Fruit,17.253.47.0/24,2,0.78%
7961ae69-0db1-423e-bc99-eb9a5ee8bad7,Fruit,17.253.65.0/24,4,1.56%
7961ae69-0db1-423e-bc99-eb9a5ee8bad7,Fruit,17.253.97.0/24,4,1.56%
7961ae69-0db1-423e-bc99-eb9a5ee8bad7,Fruit,17.32.194.0/24,4,1.56%
7961ae69-0db1-423e-bc99-eb9a5ee8bad7,Fruit,17.32.208.0/24,38,14.84%
7961ae69-0db1-423e-bc99-eb9a5ee8bad7,Fruit,17.32.214.0/24,9,3.52%
7961ae69-0db1-423e-bc99-eb9a5ee8bad7,Fruit,17.32.222.0/24,1,0.39%
7961ae69-0db1-423e-bc99-eb9a5ee8bad7,Fruit,17.33.0.0/24,1,0.39%
7961ae69-0db1-423e-bc99-eb9a5ee8bad7,Fruit,17.33.13.0/24,1,0.39%
7961ae69-0db1-423e-bc99-eb9a5ee8bad7,Fruit,17.33.16.0/24,1,0.39%
7961ae69-0db1-423e-bc99-eb9a5ee8bad7,Fruit,17.33.192.0/24,5,1.95%
7961ae69-0db1-423e-bc99-eb9a5ee8bad7,Fruit,17.33.193.0/24,5,1.95%
7961ae69-0db1-423e-bc99-eb9a5ee8bad7,Fruit,17.33.194.0/24,5,1.95%
7961ae69-0db1-423e-bc99-eb9a5ee8bad7,Fruit,17.33.2.0/24,1,0.39%
7961ae69-0db1-423e-bc99-eb9a5ee8bad7,Fruit,17.33.200.0/24,5,1.95%
7961ae69-0db1-423e-bc99-eb9a5ee8bad7,Fruit,17.33.201.0/24,5,1.95%
7961ae69-0db1-423e-bc99-eb9a5ee8bad7,Fruit,17.33.202.0/24,5,1.95%
7961ae69-0db1-423e-bc99-eb9a5ee8bad7,Fruit,17.33.23.0/24,1,0.39%
7961ae69-0db1-423e-bc99-eb9a5ee8bad7,Fruit,17.36.200.0/24,6,2.34%
7961ae69-0db1-423e-bc99-eb9a5ee8bad7,Fruit,17.36.202.0/24,6,2.34%
7961ae69-0db1-423e-bc99-eb9a5ee8bad7,Fruit,17.42.251.0/24,1,0.39%
7961ae69-0db1-423e-bc99-eb9a5ee8bad7,Fruit,17.42.252.0/24,1,0.39%
7961ae69-0db1-423e-bc99-eb9a5ee8bad7,Fruit,17.47.0.0/24,2,0.78%
7961ae69-0db1-423e-bc99-eb9a5ee8bad7,Fruit,17.47.160.0/24,38,14.84%
7961ae69-0db1-423e-bc99-eb9a5ee8bad7,Fruit,17.47.48.0/24,1,0.39%
7961ae69-0db1-423e-bc99-eb9a5ee8bad7,Fruit,17.47.49.0/24,12,4.69%
7961ae69-0db1-423e-bc99-eb9a5ee8bad7,Fruit,17.56.10.0/24,1,0.39%
7961ae69-0db1-423e-bc99-eb9a5ee8bad7,Fruit,17.56.12.0/24,53,20.7%
7961ae69-0db1-423e-bc99-eb9a5ee8bad7,Fruit,17.56.138.0/24,10,3.91%
7961ae69-0db1-423e-bc99-eb9a5ee8bad7,Fruit,17.56.140.0/24,12,4.69%
7961ae69-0db1-423e-bc99-eb9a5ee8bad7,Fruit,17.56.48.0/24,1,0.39%
7961ae69-0db1-423e-bc99-eb9a5ee8bad7,Fruit,17.57.10.0/24,1,0.39%
7961ae69-0db1-423e-bc99-eb9a5ee8bad7,Fruit,17.57.12.0/24,68,26.56%
7961ae69-0db1-423e-bc99-eb9a5ee8bad7,Fruit,17.57.144.0/24,10,3.91%
7961ae69-0db1-423e-bc99-eb9a5ee8bad7,Fruit,17.57.145.0/24,1,0.39%
7961ae69-0db1-423e-bc99-eb9a5ee8bad7,Fruit,17.57.146.0/24,4,1.56%
7961ae69-0db1-423e-bc99-eb9a5ee8bad7,Fruit,17.57.147.0/24,4,1.56%
7961ae69-0db1-423e-bc99-eb9a5ee8bad7,Fruit,17.57.161.0/24,6,2.34%
7961ae69-0db1-423e-bc99-eb9a5ee8bad7,Fruit,17.57.163.0/24,17,6.64%
7961ae69-0db1-423e-bc99-eb9a5ee8bad7,Fruit,17.57.167.0/24,6,2.34%
7961ae69-0db1-423e-bc99-eb9a5ee8bad7,Fruit,17.57.168.0/24,13,5.08%
7961ae69-0db1-423e-bc99-eb9a5ee8bad7,Fruit,17.57.169.0/24,8,3.12%
7961ae69-0db1-423e-bc99-eb9a5ee8bad7,Fruit,17.57.172.0/24,3,1.17%
7961ae69-0db1-423e-bc99-eb9a5ee8bad7,Fruit,17.57.21.0/24,5,1.95%
7961ae69-0db1-423e-bc99-eb9a5ee8bad7,Fruit,17.8.130.0/24,3,1.17%
7961ae69-0db1-423e-bc99-eb9a5ee8bad7,Fruit,17.8.131.0/24,6,2.34%
7961ae69-0db1-423e-bc99-eb9a5ee8bad7,Fruit,17.8.133.0/24,1,0.39%
7961ae69-0db1-423e-bc99-eb9a5ee8bad7,Fruit,17.84.106.0/24,5,1.95%
7961ae69-0db1-423e-bc99-eb9a5ee8bad7,Fruit,17.84.107.0/24,2,0.78%
7961ae69-0db1-423e-bc99-eb9a5ee8bad7,Fruit,18.156.44.0/24,1,0.39%
7961ae69-0db1-423e-bc99-eb9a5ee8bad7,Fruit,18.162.182.0/24,1,0.39%
7961ae69-0db1-423e-bc99-eb9a5ee8bad7,Fruit,18.182.243.0/24,1,0.39%
7961ae69-0db1-423e-bc99-eb9a5ee8bad7,Fruit,18.220.227.0/24,1,0.39%
7961ae69-0db1-423e-bc99-eb9a5ee8bad7,Fruit,18.228.169.0/24,1,0.39%
7961ae69-0db1-423e-bc99-eb9a5ee8bad7,Fruit,180.122.78.0/24,8,3.12%
7961ae69-0db1-423e-bc99-eb9a5ee8bad7,Fruit,184.29.128.0/24,2,0.78%
7961ae69-0db1-423e-bc99-eb9a5ee8bad7,Fruit,204.19.119.0/24,1,0.39%
7961ae69-0db1-423e-bc99-eb9a5ee8bad7,Fruit,204.26.57.0/24,1,0.39%
7961ae69-0db1-423e-bc99-eb9a5ee8bad7,Fruit,218.60.21.0/24,1,0.39%
7961ae69-0db1-423e-bc99-eb9a5ee8bad7,Fruit,219.155.150.0/24,1,0.39%
7961ae69-0db1-423e-bc99-eb9a5ee8bad7,Fruit,221.195.206.0/24,1,0.39%
7961ae69-0db1-423e-bc99-eb9a5ee8bad7,Fruit,221.231.81.0/24,8,3.12%
7961ae69-0db1-423e-bc99-eb9a5ee8bad7,Fruit,23.0.196.0/24,1,0.39%
7961ae69-0db1-423e-bc99-eb9a5ee8bad7,Fruit,23.1.201.0/24,1,0.39%
7961ae69-0db1-423e-bc99-eb9a5ee8bad7,Fruit,23.199.198.0/24,1,0.39%
7961ae69-0db1-423e-bc99-eb9a5ee8bad7,Fruit,23.199.203.0/24,1,0.39%
7961ae69-0db1-423e-bc99-eb9a5ee8bad7,Fruit,23.199.206.0/24,1,0.39%
7961ae69-0db1-423e-bc99-eb9a5ee8bad7,Fruit,23.199.62.0/24,4,1.56%
7961ae69-0db1-423e-bc99-eb9a5ee8bad7,Fruit,23.200.0.0/24,11,4.3%
7961ae69-0db1-423e-bc99-eb9a5ee8bad7,Fruit,23.200.3.0/24,19,7.42%
7961ae69-0db1-423e-bc99-eb9a5ee8bad7,Fruit,23.207.194.0/24,1,0.39%
7961ae69-0db1-423e-bc99-eb9a5ee8bad7,Fruit,23.208.216.0/24,1,0.39%
7961ae69-0db1-423e-bc99-eb9a5ee8bad7,Fruit,23.209.129.0/24,1,0.39%
7961ae69-0db1-423e-bc99-eb9a5ee8bad7,Fruit,23.209.141.0/24,1,0.39%
7961ae69-0db1-423e-bc99-eb9a5ee8bad7,Fruit,23.215.130.0/24,29,11.33%
7961ae69-0db1-423e-bc99-eb9a5ee8bad7,Fruit,23.217.163.0/24,1,0.39%
7961ae69-0db1-423e-bc99-eb9a5ee8bad7,Fruit,23.217.25.0/24,1,0.39%
7961ae69-0db1-423e-bc99-eb9a5ee8bad7,Fruit,23.219.93.0/24,3,1.17%
7961ae69-0db1-423e-bc99-eb9a5ee8bad7,Fruit,23.34.248.0/24,1,0.39%
7961ae69-0db1-423e-bc99-eb9a5ee8bad7,Fruit,23.34.59.0/24,4,1.56%
7961ae69-0db1-423e-bc99-eb9a5ee8bad7,Fruit,23.54.211.0/24,1,0.39%
7961ae69-0db1-423e-bc99-eb9a5ee8bad7,Fruit,23.54.214.0/24,1,0.39%
7961ae69-0db1-423e-bc99-eb9a5ee8bad7,Fruit,23.55.166.0/24,15,5.86%
7961ae69-0db1-423e-bc99-eb9a5ee8bad7,Fruit,23.64.60.0/24,2,0.78%
7961ae69-0db1-423e-bc99-eb9a5ee8bad7,Fruit,23.64.61.0/24,1,0.39%
7961ae69-0db1-423e-bc99-eb9a5ee8bad7,Fruit,23.78.167.0/24,1,0.39%
7961ae69-0db1-423e-bc99-eb9a5ee8bad7,Fruit,23.78.172.0/24,1,0.39%
7961ae69-0db1-423e-bc99-eb9a5ee8bad7,Fruit,3.13.10.0/24,1,0.39%
7961ae69-0db1-423e-bc99-eb9a5ee8bad7,Fruit,3.139.17.0/24,1,0.39%
7961ae69-0db1-423e-bc99-eb9a5ee8bad7,Fruit,34.211.243.0/24,1,0.39%
7961ae69-0db1-423e-bc99-eb9a5ee8bad7,Fruit,35.155.31.0/24,1,0.39%
7961ae69-0db1-423e-bc99-eb9a5ee8bad7,Fruit,35.162.11.0/24,1,0.39%
7961ae69-0db1-423e-bc99-eb9a5ee8bad7,Fruit,35.75.194.0/24,1,0.39%
7961ae69-0db1-423e-bc99-eb9a5ee8bad7,Fruit,36.99.251.0/24,1,0.39%
7961ae69-0db1-423e-bc99-eb9a5ee8bad7,Fruit,44.193.170.0/24,1,0.39%
7961ae69-0db1-423e-bc99-eb9a5ee8bad7,Fruit,44.199.137.0/24,1,0.39%
7961ae69-0db1-423e-bc99-eb9a5ee8bad7,Fruit,44.231.234.0/24,1,0.39%
7961ae69-0db1-423e-bc99-eb9a5ee8bad7,Fruit,44.235.85.0/24,1,0.39%
7961ae69-0db1-423e-bc99-eb9a5ee8bad7,Fruit,44.237.103.0/24,1,0.39%
7961ae69-0db1-423e-bc99-eb9a5ee8bad7,Fruit,44.240.34.0/24,1,0.39%
7961ae69-0db1-423e-bc99-eb9a5ee8bad7,Fruit,52.11.218.0/24,1,0.39%
7961ae69-0db1-423e-bc99-eb9a5ee8bad7,Fruit,52.18.143.0/24,1,0.39%
7961ae69-0db1-423e-bc99-eb9a5ee8bad7,Fruit,52.23.1.0/24,1,0.39%
7961ae69-0db1-423e-bc99-eb9a5ee8bad7,Fruit,52.23.189.0/24,1,0.39%
7961ae69-0db1-423e-bc99-eb9a5ee8bad7,Fruit,52.23.40.0/24,1,0.39%
7961ae69-0db1-423e-bc99-eb9a5ee8bad7,Fruit,52.4.101.0/24,1,0.39%
7961ae69-0db1-423e-bc99-eb9a5ee8bad7,Fruit,52.43.8.0/24,1,0.39%
7961ae69-0db1-423e-bc99-eb9a5ee8bad7,Fruit,52.89.150.0/24,1,0.39%
7961ae69-0db1-423e-bc99-eb9a5ee8bad7,Fruit,54.151.159.0/24,1,0.39%
7961ae69-0db1-423e-bc99-eb9a5ee8bad7,Fruit,54.155.46.0/24,1,0.39%
7961ae69-0db1-423e-bc99-eb9a5ee8bad7,Fruit,54.176.55.0/24,1,0.39%
7961ae69-0db1-423e-bc99-eb9a5ee8bad7,Fruit,54.179.165.0/24,1,0.39%
7961ae69-0db1-423e-bc99-eb9a5ee8bad7,Fruit,54.188.242.0/24,1,0.39%
7961ae69-0db1-423e-bc99-eb9a5ee8bad7,Fruit,54.201.29.0/24,1,0.39%
7961ae69-0db1-423e-bc99-eb9a5ee8bad7,Fruit,54.201.77.0/24,1,0.39%
7961ae69-0db1-423e-bc99-eb9a5ee8bad7,Fruit,54.236.229.0/24,1,0.39%
7961ae69-0db1-423e-bc99-eb9a5ee8bad7,Fruit,54.67.69.0/24,1,0.39%
7961ae69-0db1-423e-bc99-eb9a5ee8bad7,Fruit,54.71.143.0/24,1,0.39%
7961ae69-0db1-423e-bc99-eb9a5ee8bad7,Fruit,58.218.65.0/24,1,0.39%
7961ae69-0db1-423e-bc99-eb9a5ee8bad7,Fruit,59.82.17.0/24,4,1.56%
09948301-3d26-4adc-91c6-e7d23281a12f,POP,104.214.20.0/24,1,0.39%
09948301-3d26-4adc-91c6-e7d23281a12f,POP,104.40.3.0/24,1,0.39%
09948301-3d26-4adc-91c6-e7d23281a12f,POP,13.107.213.0/24,1,0.39%
09948301-3d26-4adc-91c6-e7d23281a12f,POP,13.107.246.0/24,1,0.39%
09948301-3d26-4adc-91c6-e7d23281a12f,POP,13.248.244.0/24,1,0.39%
09948301-3d26-4adc-91c6-e7d23281a12f,POP,13.249.9.0/24,4,1.56%
09948301-3d26-4adc-91c6-e7d23281a12f,POP,13.32.145.0/24,4,1.56%
09948301-3d26-4adc-91c6-e7d23281a12f,POP,13.65.211.0/24,1,0.39%
09948301-3d26-4adc-91c6-e7d23281a12f,POP,13.66.56.0/24,1,0.39%
09948301-3d26-4adc-91c6-e7d23281a12f,POP,13.83.96.0/24,1,0.39%
09948301-3d26-4adc-91c6-e7d23281a12f,POP,13.84.227.0/24,1,0.39%
09948301-3d26-4adc-91c6-e7d23281a12f,POP,13.84.42.0/24,1,0.39%
09948301-3d26-4adc-91c6-e7d23281a12f,POP,15.197.192.0/24,1,0.39%
09948301-3d26-4adc-91c6-e7d23281a12f,POP,158.82.146.0/24,1,0.39%
09948301-3d26-4adc-91c6-e7d23281a12f,POP,165.197.217.0/24,1,0.39%
09948301-3d26-4adc-91c6-e7d23281a12f,POP,165.197.221.0/24,1,0.39%
09948301-3d26-4adc-91c6-e7d23281a12f,POP,165.197.222.0/24,1,0.39%
09948301-3d26-4adc-91c6-e7d23281a12f,POP,165.197.65.0/24,1,0.39%
09948301-3d26-4adc-91c6-e7d23281a12f,POP,165.197.66.0/24,1,0.39%
09948301-3d26-4adc-91c6-e7d23281a12f,POP,165.197.97.0/24,1,0.39%
09948301-3d26-4adc-91c6-e7d23281a12f,POP,165.197.99.0/24,1,0.39%
09948301-3d26-4adc-91c6-e7d23281a12f,POP,169.47.31.0/24,1,0.39%
09948301-3d26-4adc-91c6-e7d23281a12f,POP,169.62.42.0/24,1,0.39%
09948301-3d26-4adc-91c6-e7d23281a12f,POP,169.63.159.0/24,1,0.39%
09948301-3d26-4adc-91c6-e7d23281a12f,POP,18.211.29.0/24,1,0.39%
09948301-3d26-4adc-91c6-e7d23281a12f,POP,192.200.160.0/24,1,0.39%
09948301-3d26-4adc-91c6-e7d23281a12f,POP,20.193.33.0/24,1,0.39%
09948301-3d26-4adc-91c6-e7d23281a12f,POP,20.193.7.0/24,1,0.39%
09948301-3d26-4adc-91c6-e7d23281a12f,POP,20.195.36.0/24,1,0.39%
09948301-3d26-4adc-91c6-e7d23281a12f,POP,20.197.67.0/24,1,0.39%
09948301-3d26-4adc-91c6-e7d23281a12f,POP,20.197.73.0/24,1,0.39%
09948301-3d26-4adc-91c6-e7d23281a12f,POP,20.45.6.0/24,1,0.39%
09948301-3d26-4adc-91c6-e7d23281a12f,POP,20.49.171.0/24,1,0.39%
09948301-3d26-4adc-91c6-e7d23281a12f,POP,20.49.174.0/24,1,0.39%
09948301-3d26-4adc-91c6-e7d23281a12f,POP,20.49.244.0/24,1,0.39%
09948301-3d26-4adc-91c6-e7d23281a12f,POP,20.53.71.0/24,1,0.39%
09948301-3d26-4adc-91c6-e7d23281a12f,POP,20.65.88.0/24,1,0.39%
09948301-3d26-4adc-91c6-e7d23281a12f,POP,20.75.184.0/24,1,0.39%
09948301-3d26-4adc-91c6-e7d23281a12f,POP,20.79.65.0/24,1,0.39%
09948301-3d26-4adc-91c6-e7d23281a12f,POP,20.85.145.0/24,1,0.39%
09948301-3d26-4adc-91c6-e7d23281a12f,POP,204.136.66.0/24,12,4.69%
09948301-3d26-4adc-91c6-e7d23281a12f,POP,204.136.98.0/24,7,2.73%
09948301-3d26-4adc-91c6-e7d23281a12f,POP,23.34.59.0/24,2,0.78%
09948301-3d26-4adc-91c6-e7d23281a12f,POP,3.228.68.0/24,1,0.39%
09948301-3d26-4adc-91c6-e7d23281a12f,POP,34.192.133.0/24,1,0.39%
09948301-3d26-4adc-91c6-e7d23281a12f,POP,34.232.250.0/24,1,0.39%
09948301-3d26-4adc-91c6-e7d23281a12f,POP,34.233.246.0/24,1,0.39%
09948301-3d26-4adc-91c6-e7d23281a12f,POP,35.181.31.0/24,1,0.39%
09948301-3d26-4adc-91c6-e7d23281a12f,POP,35.181.87.0/24,1,0.39%
09948301-3d26-4adc-91c6-e7d23281a12f,POP,40.112.243.0/24,1,0.39%
09948301-3d26-4adc-91c6-e7d23281a12f,POP,40.112.62.0/24,1,0.39%
09948301-3d26-4adc-91c6-e7d23281a12f,POP,40.67.219.0/24,1,0.39%
09948301-3d26-4adc-91c6-e7d23281a12f,POP,40.74.162.0/24,1,0.39%
09948301-3d26-4adc-91c6-e7d23281a12f,POP,40.74.230.0/24,1,0.39%
09948301-3d26-4adc-91c6-e7d23281a12f,POP,40.84.150.0/24,1,0.39%
09948301-3d26-4adc-91c6-e7d23281a12f,POP,51.104.251.0/24,1,0.39%
09948301-3d26-4adc-91c6-e7d23281a12f,POP,51.11.19.0/24,1,0.39%
09948301-3d26-4adc-91c6-e7d23281a12f,POP,51.11.26.0/24,1,0.39%
09948301-3d26-4adc-91c6-e7d23281a12f,POP,52.139.233.0/24,1,0.39%
09948301-3d26-4adc-91c6-e7d23281a12f,POP,52.148.116.0/24,1,0.39%
09948301-3d26-4adc-91c6-e7d23281a12f,POP,52.158.213.0/24,1,0.39%
09948301-3d26-4adc-91c6-e7d23281a12f,POP,52.185.212.0/24,1,0.39%
09948301-3d26-4adc-91c6-e7d23281a12f,POP,52.185.229.0/24,1,0.39%
09948301-3d26-4adc-91c6-e7d23281a12f,POP,52.21.12.0/24,1,0.39%
09948301-3d26-4adc-91c6-e7d23281a12f,POP,52.222.174.0/24,4,1.56%
09948301-3d26-4adc-91c6-e7d23281a12f,POP,52.4.203.0/24,1,0.39%
09948301-3d26-4adc-91c6-e7d23281a12f,POP,52.6.174.0/24,1,0.39%
09948301-3d26-4adc-91c6-e7d23281a12f,POP,52.72.186.0/24,1,0.39%
09948301-3d26-4adc-91c6-e7d23281a12f,POP,52.84.174.0/24,4,1.56%
09948301-3d26-4adc-91c6-e7d23281a12f,POP,59.154.42.0/24,1,0.39%
09948301-3d26-4adc-91c6-e7d23281a12f,POP,75.2.122.0/24,1,0.39%
09948301-3d26-4adc-91c6-e7d23281a12f,POP,75.2.83.0/24,1,0.39%
09948301-3d26-4adc-91c6-e7d23281a12f,POP,75.2.94.0/24,1,0.39%
09948301-3d26-4adc-91c6-e7d23281a12f,POP,76.223.106.0/24,1,0.39%
09948301-3d26-4adc-91c6-e7d23281a12f,POP,99.86.91.0/24,4,1.56%
5c56e728-df83-48e5-be57-15846fd807eb,CN,103.143.19.0/24,1,0.39%
5c56e728-df83-48e5-be57-15846fd807eb,CN,103.218.216.0/24,2,0.78%
5c56e728-df83-48e5-be57-15846fd807eb,CN,103.218.217.0/24,2,0.78%
5c56e728-df83-48e5-be57-15846fd807eb,CN,103.239.246.0/24,1,0.39%
5c56e728-df83-48e5-be57-15846fd807eb,CN,104.21.47.0/24,1,0.39%
5c56e728-df83-48e5-be57-15846fd807eb,CN,110.238.88.0/24,2,0.78%
5c56e728-df83-48e5-be57-15846fd807eb,CN,114.116.212.0/24,1,0.39%
5c56e728-df83-48e5-be57-15846fd807eb,CN,116.205.146.0/24,14,5.47%
5c56e728-df83-48e5-be57-15846fd807eb,CN,116.205.147.0/24,1,0.39%
5c56e728-df83-48e5-be57-15846fd807eb,CN,116.205.148.0/24,1,0.39%
5c56e728-df83-48e5-be57-15846fd807eb,CN,116.205.4.0/24,4,1.56%
5c56e728-df83-48e5-be57-15846fd807eb,CN,116.63.192.0/24,1,0.39%
5c56e728-df83-48e5-be57-15846fd807eb,CN,117.78.1.0/24,1,0.39%
5c56e728-df83-48e5-be57-15846fd807eb,CN,117.78.15.0/24,1,0.39%
5c56e728-df83-48e5-be57-15846fd807eb,CN,117.78.24.0/24,4,1.56%
5c56e728-df83-48e5-be57-15846fd807eb,CN,118.194.33.0/24,2,0.78%
5c56e728-df83-48e5-be57-15846fd807eb,CN,119.13.107.0/24,1,0.39%
5c56e728-df83-48e5-be57-15846fd807eb,CN,119.13.72.0/24,1,0.39%
5c56e728-df83-48e5-be57-15846fd807eb,CN,119.3.116.0/24,4,1.56%
5c56e728-df83-48e5-be57-15846fd807eb,CN,119.3.168.0/24,1,0.39%
5c56e728-df83-48e5-be57-15846fd807eb,CN,119.8.177.0/24,1,0.39%
5c56e728-df83-48e5-be57-15846fd807eb,CN,119.8.179.0/24,1,0.39%
5c56e728-df83-48e5-be57-15846fd807eb,CN,119.8.190.0/24,1,0.39%
5c56e728-df83-48e5-be57-15846fd807eb,CN,119.8.242.0/24,2,0.78%
5c56e728-df83-48e5-be57-15846fd807eb,CN,119.8.84.0/24,1,0.39%
5c56e728-df83-48e5-be57-15846fd807eb,CN,119.8.89.0/24,3,1.17%
5c56e728-df83-48e5-be57-15846fd807eb,CN,120.52.95.0/24,4,1.56%
5c56e728-df83-48e5-be57-15846fd807eb,CN,121.36.117.0/24,2,0.78%
5c56e728-df83-48e5-be57-15846fd807eb,CN,121.36.118.0/24,1,0.39%
5c56e728-df83-48e5-be57-15846fd807eb,CN,121.36.119.0/24,1,0.39%
5c56e728-df83-48e5-be57-15846fd807eb,CN,121.36.20.0/24,1,0.39%
5c56e728-df83-48e5-be57-15846fd807eb,CN,121.36.234.0/24,1,0.39%
5c56e728-df83-48e5-be57-15846fd807eb,CN,121.36.235.0/24,5,1.95%
5c56e728-df83-48e5-be57-15846fd807eb,CN,121.36.4.0/24,1,0.39%
5c56e728-df83-48e5-be57-15846fd807eb,CN,121.36.46.0/24,1,0.39%
5c56e728-df83-48e5-be57-15846fd807eb,CN,121.37.49.0/24,13,5.08%
5c56e728-df83-48e5-be57-15846fd807eb,CN,122.9.168.0/24,1,0.39%
5c56e728-df83-48e5-be57-15846fd807eb,CN,122.9.169.0/24,1,0.39%
5c56e728-df83-48e5-be57-15846fd807eb,CN,122.96.104.0/24,1,0.39%
5c56e728-df83-48e5-be57-15846fd807eb,CN,123.60.127.0/24,4,1.56%
5c56e728-df83-48e5-be57-15846fd807eb,CN,123.60.238.0/24,10,3.91%
5c56e728-df83-48e5-be57-15846fd807eb,CN,124.70.125.0/24,24,9.38%
5c56e728-df83-48e5-be57-15846fd807eb,CN,124.70.126.0/24,19,7.42%
5c56e728-df83-48e5-be57-15846fd807eb,CN,124.70.33.0/24,1,0.39%
5c56e728-df83-48e5-be57-15846fd807eb,CN,124.71.30.0/24,1,0.39%
5c56e728-df83-48e5-be57-15846fd807eb,CN,124.71.93.0/24,2,0.78%
5c56e728-df83-48e5-be57-15846fd807eb,CN,124.71.94.0/24,3,1.17%
5c56e728-df83-48e5-be57-15846fd807eb,CN,125.17.168.0/24,1,0.39%
5c56e728-df83-48e5-be57-15846fd807eb,CN,139.159.208.0/24,2,0.78%
5c56e728-df83-48e5-be57-15846fd807eb,CN,139.9.137.0/24,1,0.39%
5c56e728-df83-48e5-be57-15846fd807eb,CN,139.9.139.0/24,1,0.39%
5c56e728-df83-48e5-be57-15846fd807eb,CN,14.137.135.0/24,1,0.39%
5c56e728-df83-48e5-be57-15846fd807eb,CN,14.137.139.0/24,3,1.17%
5c56e728-df83-48e5-be57-15846fd807eb,CN,14.137.157.0/24,1,0.39%
5c56e728-df83-48e5-be57-15846fd807eb,CN,14.137.173.0/24,1,0.39%
5c56e728-df83-48e5-be57-15846fd807eb,CN,157.185.163.0/24,1,0.39%
5c56e728-df83-48e5-be57-15846fd807eb,CN,157.185.170.0/24,1,0.39%
5c56e728-df83-48e5-be57-15846fd807eb,CN,157.185.175.0/24,1,0.39%
5c56e728-df83-48e5-be57-15846fd807eb,CN,159.138.178.0/24,1,0.39%
5c56e728-df83-48e5-be57-15846fd807eb,CN,159.138.201.0/24,1,0.39%
5c56e728-df83-48e5-be57-15846fd807eb,CN,159.138.204.0/24,1,0.39%
5c56e728-df83-48e5-be57-15846fd807eb,CN,159.138.207.0/24,1,0.39%
5c56e728-df83-48e5-be57-15846fd807eb,CN,159.138.218.0/24,1,0.39%
5c56e728-df83-48e5-be57-15846fd807eb,CN,159.138.82.0/24,1,0.39%
5c56e728-df83-48e5-be57-15846fd807eb,CN,159.138.94.0/24,4,1.56%
5c56e728-df83-48e5-be57-15846fd807eb,CN,163.171.129.0/24,1,0.39%
5c56e728-df83-48e5-be57-15846fd807eb,CN,172.67.148.0/24,1,0.39%
5c56e728-df83-48e5-be57-15846fd807eb,CN,185.176.78.0/24,1,0.39%
5c56e728-df83-48e5-be57-15846fd807eb,CN,192.168.1.0/24,1,0.39%
5c56e728-df83-48e5-be57-15846fd807eb,CN,199.91.74.0/24,4,1.56%
5c56e728-df83-48e5-be57-15846fd807eb,CN,218.12.76.0/24,4,1.56%
5c56e728-df83-48e5-be57-15846fd807eb,CN,220.202.22.0/24,1,0.39%
5c56e728-df83-48e5-be57-15846fd807eb,CN,23.55.166.0/24,2,0.78%
5c56e728-df83-48e5-be57-15846fd807eb,CN,45.113.71.0/24,1,0.39%
5c56e728-df83-48e5-be57-15846fd807eb,CN,45.147.197.0/24,1,0.39%
5c56e728-df83-48e5-be57-15846fd807eb,CN,45.249.212.0/24,2,0.78%
5c56e728-df83-48e5-be57-15846fd807eb,CN,49.4.112.0/24,2,0.78%
5c56e728-df83-48e5-be57-15846fd807eb,CN,49.4.17.0/24,1,0.39%
5c56e728-df83-48e5-be57-15846fd807eb,CN,49.4.19.0/24,2,0.78%
5c56e728-df83-48e5-be57-15846fd807eb,CN,49.4.32.0/24,2,0.78%
5c56e728-df83-48e5-be57-15846fd807eb,CN,49.4.35.0/24,1,0.39%
5c56e728-df83-48e5-be57-15846fd807eb,CN,49.4.37.0/24,1,0.39%
5c56e728-df83-48e5-be57-15846fd807eb,CN,49.4.56.0/24,4,1.56%
5c56e728-df83-48e5-be57-15846fd807eb,CN,52.84.174.0/24,4,1.56%
5c56e728-df83-48e5-be57-15846fd807eb,CN,58.213.108.0/24,1,0.39%
5c56e728-df83-48e5-be57-15846fd807eb,CN,8.8.4.0/24,1,0.39%
5c56e728-df83-48e5-be57-15846fd807eb,CN,8.8.8.0/24,1,0.39%
5c56e728-df83-48e5-be57-15846fd807eb,CN,80.158.17.0/24,1,0.39%
5c56e728-df83-48e5-be57-15846fd807eb,CN,80.158.20.0/24,1,0.39%
5c56e728-df83-48e5-be57-15846fd807eb,CN,80.158.21.0/24,1,0.39%
5c56e728-df83-48e5-be57-15846fd807eb,CN,80.158.32.0/24,2,0.78%
5c56e728-df83-48e5-be57-15846fd807eb,CN,80.158.40.0/24,1,0.39%
5c56e728-df83-48e5-be57-15846fd807eb,CN,80.158.44.0/24,1,0.39%
5c56e728-df83-48e5-be57-15846fd807eb,CN,90.84.174.0/24,1,0.39%
5c56e728-df83-48e5-be57-15846fd807eb,CN,90.84.243.0/24,1,0.39%
5c56e728-df83-48e5-be57-15846fd807eb,CN,90.84.245.0/24,1,0.39%
5c56e728-df83-48e5-be57-15846fd807eb,CN,90.84.44.0/24,1,0.39%
5c56e728-df83-48e5-be57-15846fd807eb,CN,94.74.69.0/24,1,0.39%
656baf8c-540e-48ec-99a1-8403d6499a14,R3,31.41.155.0/24,1,0.39%
656baf8c-540e-48ec-99a1-8403d6499a14,R3,45.89.25.0/24,1,0.39%
656baf8c-540e-48ec-99a1-8403d6499a14,R3,45.94.123.0/24,1,0.39%
656baf8c-540e-48ec-99a1-8403d6499a14,R3,67.199.248.0/24,2,0.78%
656baf8c-540e-48ec-99a1-8403d6499a14,R3,89.104.117.0/24,1,0.39%
656baf8c-540e-48ec-99a1-8403d6499a14,R3,89.253.228.0/24,1,0.39%
cb4d408e-e437-40af-b3fa-5c808bfd37cd,R2,104.21.47.0/24,1,0.39%
cb4d408e-e437-40af-b3fa-5c808bfd37cd,R2,172.67.148.0/24,1,0.39%
cb4d408e-e437-40af-b3fa-5c808bfd37cd,R2,45.147.197.0/24,1,0.39%
